id,tier,token_id,prize_name,image_url,irl
8e6b812a-0a75-47f0-8ee8-b69293b38bea,bronze,1,Skillz by Troopz,,
2bc5a18b-d97f-4547-a690-bd1074351dec,bronze,2,Sketchz by Troopz,,
2f4efad8-a29b-464f-a70e-4dad7b642c96,bronze,3,Bag of $TRPZ,,
9c4f3a59-40eb-4b46-b306-d9b51719aaa1,bronze,4,Boomer Squad #2966,,
fe73e865-61f6-464d-a8c6-14981c4326e8,bronze,5,Sexy Sea Cow #314,,
edddae78-430b-46ef-8e32-bc0fc76997d6,bronze,6,,,
9914a421-7ffd-48ed-bd67-f505ebd5d1a8,bronze,7,Skillz by Troopz,,
ada9b665-6f5f-4ab4-ac77-1e013a8ced9f,bronze,8,Bag of $TRPZ,,
14790390-6712-44cd-911f-6a6bf997e7f6,bronze,9,Skillz by Troopz,,
b29d900f-ffab-4f4b-a9c1-2322bf61164d,bronze,10,Green Bananna ,,
28d02f91-e460-4e7b-8418-9c90a3ae335e,bronze,11,Sketchz by Troopz,,
f640339d-cb13-43ae-93e6-571e13f0049d,bronze,12,Skillz by Troopz,,
5c531d2b-afe1-40b5-b3c8-e9aa96633401,bronze,13,Sketchz by Troopz,,
afa73a0e-0963-4039-a51e-f439fee2f53b,bronze,14,OG Trooprz,,
8807ac0a-261a-465e-a837-667445e09bf7,bronze,15,Skillz by Troopz,,
c01998c8-abc4-4290-8506-457db231e57b,bronze,16,,,
6c9b5e05-4dbb-4c35-a179-022bc9dba7de,bronze,17,OG Trooprz,,
835c6ccf-b68a-4fc5-bfb3-b569f010e806,bronze,18,Skillz by Troopz,,
c02b8b9b-5908-4eee-9119-7e9a82e06748,bronze,19,Trooprz Blk Label Hoodie,,
a1d394d5-4480-4f11-a47a-4659472a017b,bronze,20,,,
1b3ac868-0fce-4f8d-b611-dcfbee5721a6,bronze,21,Sketchz by Troopz,,
3f05332f-87f5-4872-9d24-be825e729f66,bronze,22,Bag of $TRPZ,,
c36074dd-2ea0-4351-b073-ebf6376d1c53,bronze,23,Skillz by Troopz,,
29bc0d41-d026-4a65-aadc-0fadc3e15719,bronze,24,Skillz by Troopz,,
4673913f-c187-4825-a1b6-0385ce57bca9,bronze,25,OG Trooprz,,
258a4c74-6668-4620-b061-1b9db2b70515,bronze,26,Sketchz by Troopz,,
b719b1c6-1882-45fb-8dc0-c37c160e0329,bronze,27,,,
40358edf-a2cd-4ace-ad91-211ae75ec15f,bronze,28,Skillz by Troopz,,
2cc3605a-2ccb-4c5e-938a-2912ab8f90e9,bronze,29,,,
7d1cc64d-3816-4a8b-86b3-46dbdda8f512,bronze,30,Skillz by Troopz,,
58469364-b5ef-44c4-a7c1-5fae9277fdc2,bronze,31,Bag of $TRPZ,,
194f16ff-d734-4bf8-b7f4-c0f003726e46,bronze,32,Bag of CRO,,
e64b0041-01be-426d-b2a2-21a896154a16,bronze,33,Skillz by Troopz,,
974e0798-31db-46bd-ab36-843c65beb524,bronze,34,Bag of CRO,,
e5827840-5160-4d90-9956-5fb009b3231b,bronze,35,Sketchz by Troopz,,
a00d6f4d-718e-4773-b8d3-cfc369f0217a,bronze,36,Chimp #6375,,
b4d184db-8369-407b-93a7-b8c18dc8dfc1,bronze,37,Sketchz by Troopz,,
442b6719-e3aa-4080-bfad-044af9494c91,bronze,38,OG Trooprz,,
381fc359-69de-4321-afe9-da14a1b52bbe,bronze,39,OG Trooprz,,
8bd83906-686c-48af-9b75-b4f27988d34f,bronze,40,Looneycorn #936,,
6e549fb3-0891-4b1b-9963-27879c55b6f2,bronze,41,OG Trooprz,,
8c23b1c6-b6ed-4985-9f2a-bb0cda323105,bronze,42,Skillz by Troopz,,
6b235d68-00b2-4dfc-9c75-246ccafde78f,bronze,43,Sexy Sea Cow #230,,
e84337d9-77ab-43a8-b66c-7fe64245d9f6,bronze,44,Skillz by Troopz,,
1aa7c41f-af6a-498c-8e27-f74ab05422b3,bronze,45,Sketchz by Troopz,,
ec67ae01-2284-4434-9f22-c7c47c743cea,bronze,46,Marble #6562,,
5a235971-d2e1-46d4-aa57-10f98b744bd7,bronze,47,OG Trooprz,,
55c4da34-59c5-44e9-a3f3-791c64f34055,bronze,48,Sketchz by Troopz,,
f284166d-19b1-4f10-904a-aa99e0c1dfd1,bronze,49,Skillz by Troopz,,
ee334132-cc85-42f6-ba27-e739faf3253a,bronze,50,Skillz by Troopz,,
9a6c5138-394f-4386-a6e4-7e9539106428,bronze,51,Mutantz 1719,,
a036adfd-7793-450f-80bc-94d9aab471ac,bronze,52,OG Trooprz,,
48714037-8eeb-42fe-9a95-fdb2094fba74,bronze,53,Sketchz by Troopz,,
afeb07ed-d042-41b1-9ca3-cfefa5c9c386,bronze,54,Skillz by Troopz,,
879b5542-5585-4842-b57b-82717609f371,bronze,55,Custom Pixel Troopr ,,
614021e5-c8c2-48b0-bcaf-65fcea1ee0a5,bronze,56,,,
056f3eca-d53f-4787-bc6a-db981e624e13,bronze,57,,,
41ce0821-5ab7-42cc-9ced-d56a872cc828,bronze,58,Trooprz Blk Label Hoodie,,
12377abf-26f1-4ab3-8a7b-eb6944b00cfb,bronze,59,Bag of CRO,,
b39884d4-d2eb-4b56-8481-d92df6f51c8f,bronze,60,,,
1a632d29-1a46-4cfb-8019-b4889abccb49,bronze,61,Skillz by Troopz,,
f67337f3-af4a-4fac-b8ac-ffd3bb43c64c,bronze,62,Mutantz 1491,,
579f0a35-03f9-4aab-bd6c-3e343f930de7,bronze,63,Boomer Squad #767,,
0fc6b613-e19f-465d-a0bf-1ebd22d15d0b,bronze,64,Sketchz by Troopz,,
a36f3ef8-d9c5-4f05-be73-9f562cb50b5d,bronze,65,Skillz by Troopz,,
db62d727-b384-4996-9593-778ac5f5c162,bronze,66,OG Trooprz,,
baea5a5e-9f31-4074-bee2-1173946e4906,bronze,67,Sketchz by Troopz,,
21ff0075-5b01-4004-9517-e22479d2e277,bronze,68,Skillz by Troopz,,
15be538b-0855-4625-aabd-7953e6c8bcb3,bronze,69,Sketchz by Troopz,,
bd55f887-4965-479d-97be-e7697ba1a119,bronze,70,Sketchz by Troopz,,
8d88961e-6178-467a-8daf-3ca5cf13b228,bronze,71,Mutantz 1659,,
ab0f9a81-da58-4ba7-ade8-a507b7e324d5,bronze,72,Skillz by Troopz,,
da0ba29d-f0b1-45f0-8a82-db5d8f75788d,bronze,73,Skillz by Troopz,,
20e30366-9dc4-4b3c-9c11-e9165a7c0052,bronze,74,Sketchz by Troopz,,
68e67e4e-dd77-41d4-88f8-ea29107dd6e2,bronze,75,Skillz by Troopz,,
06691bc1-551e-441e-9270-227358c9b37a,bronze,76,Sketchz by Troopz,,
c9e37332-1cd4-4b7d-aa77-f14ede38d7db,bronze,77,,,
59e9570d-de0f-47c6-b5ee-c3ec8e25821c,bronze,78,OG Trooprz,,
15e1c41b-40a1-4a7d-aa46-6bd925242049,bronze,79,Bag of CRO,,
e6f94338-266f-4cfd-ba80-1b477d4309d8,bronze,80,Skillz by Troopz,,
9beaa476-5fa3-435e-b212-4df5527153c4,bronze,81,Looneycorn #600,,
ea2c6f9a-ff3d-4f4c-867c-d1271001bfca,bronze,82,Sketchz by Troopz,,
56d5f079-3b05-4d73-bf33-45c7baa1c77e,bronze,83,Sketchz by Troopz,,
f048cdbe-877f-4766-835b-72221a02df9c,bronze,84,Looneycorn #1247,,
02eb1f82-7972-4452-880d-db1aeb4f3bee,bronze,85,Bag of $TRPZ,,
4d96dd0a-ed1f-420f-aec1-bb739fda2861,bronze,86,Bag of $TRPZ,,
158c4bc0-0ae2-4347-ae81-de63b5f608bf,bronze,87,Skillz by Troopz,,
f08a067e-7a93-4c4e-a2ec-e73301322458,bronze,88,Boomer Squad #4046,,
e2757e06-7069-4854-9111-d221371475f9,bronze,89,Custom Pixel Troopr ,,
5884b998-2224-4f43-b947-6a7b1dd31a7b,bronze,90,OG Trooprz,,
d4a4796f-a7bc-46b6-bc82-e10a69d41253,bronze,91,OG Trooprz,,
933db83f-fb62-41b1-8097-336e3ddd9d90,bronze,92,Sketchz by Troopz,,
9308df96-c8ce-4468-9651-71899c3e77dd,bronze,93,OG Trooprz,,
b884c7c9-33cb-4b3c-be17-d6ff2ebb8d16,bronze,94,Skillz by Troopz,,
ea922e21-0f43-4b75-8a7e-63b0ca1921a6,bronze,95,Sketchz by Troopz,,
ca2b7989-0f88-4dc8-a5f0-d844e431f595,bronze,96,Skillz by Troopz,,
b678d6a9-4859-40b4-ad28-340b061658d1,bronze,97,,,
0a8c8c2e-cf9c-401b-939b-cb67e772769b,bronze,98,Looneycorn #1418,,
dc904b57-6e51-48b9-b969-8a150ae73005,bronze,99,Skillz by Troopz,,
74c3fae2-e524-4a11-ba60-94ae0e5c24d5,bronze,100,Sketchz by Troopz,,
5aff7f2a-35fd-4b3e-851a-dd099bede129,bronze,101,Skillz by Troopz,,
77dbe461-789c-4dd0-8731-d6339a49570b,bronze,102,Sketchz by Troopz,,
f469c643-b81d-43ca-8f89-f826274f0179,bronze,103,OG Trooprz,,
7dec119c-30b3-4386-b25f-5d5cf72d9153,bronze,104,Skillz by Troopz,,
acf6a989-e105-45eb-af5d-be3a5507709b,bronze,105,Sketchz by Troopz,,
8d6ba613-51b8-483d-98a7-74bc6cfef729,bronze,106,OG Trooprz,,
e51a1fbe-7d73-4c37-b3c6-625fbdf5b3f6,bronze,107,Sketchz by Troopz,,
09aea5d4-6ae2-40e9-b0fd-bd62949658da,bronze,108,Mad Meerkat Degen #4368,,
52bd41d3-5a24-46ef-9f90-a4f1f31f21c4,bronze,109,Sketchz by Troopz,,
1615ba00-96c4-45e3-a037-006c323fa2d6,bronze,110,Bag of CRO,,
41dc6248-e67a-4d41-a506-1d49bf6ea726,bronze,111,Bag of $TRPZ,,
abf3f899-87da-4109-8353-b18fd7243b64,bronze,112,Sketchz by Troopz,,
cca28d37-a126-40fc-a36d-8d660a3ea3b9,bronze,113,Skillz by Troopz,,
02c09f48-9467-4ae9-b9b0-f47e9616019a,bronze,114,Bag of CRO,,
cd820ff1-552e-41cf-a23a-ed4f20e5c79f,bronze,115,Skillz by Troopz,,
80fea83d-e3b5-4067-81cb-b845c080dc69,bronze,116,OG Trooprz,,
b97b04f2-3d62-4677-a40f-52d970a2e042,bronze,117,,,
9da0e830-2515-4ddd-96cd-c64016574436,bronze,118,Bag of $TRPZ,,
6e5c367b-358f-432d-9423-863c60252545,bronze,119,Sketchz by Troopz,,
6aa073c1-6c31-41a3-af82-297a68116f38,bronze,120,Skillz by Troopz,,
1a93f2a4-a418-4ab3-aed6-cb8d209c886b,bronze,121,OG Trooprz,,
aa17063d-41a9-4cde-a01e-cac283ca0410,bronze,122,Sketchz by Troopz,,
f82e09d8-a6fb-4cb4-948a-bb5f21ee5547,bronze,123,Skillz by Troopz,,
c83ada76-41fb-4f0c-a000-f46688744d36,bronze,124,Bag of $TRPZ,,
f205a2a2-3e91-4879-8f5d-edb17d0e809e,bronze,125,Skillz by Troopz,,
aa5e1f60-63ab-424a-b650-152269d7d825,bronze,126,Sketchz by Troopz,,
22e29d44-585a-4003-b7f9-657c56d9fb4c,bronze,127,Bag of CRO,,
79be6815-19a5-40e9-b5a2-0669347dfa53,bronze,128,Troopr #8,,
ed90566b-2906-485b-9d31-62d982a44c7e,bronze,129,Trooprz Blk Label Hoodie,,
7cf62716-b174-4a16-a954-6982aeb2ff27,bronze,130,Sketchz by Troopz,,
c7d246a7-7aa5-4924-b6d7-429fd3efb324,bronze,131,Bag of CRO,,
8e138c42-61aa-4924-b24f-7d3e71035493,bronze,132,Bag of CRO,,
ede4edb8-53e9-48cc-adc8-2e97c13f4765,bronze,133,OG Trooprz,,
af011736-8304-4f10-b113-e61ba1762345,bronze,134,OG Trooprz,,
75353589-18e7-4d7b-8262-96c02ddc42ce,bronze,135,Apple iPAD + Pencil ,,
ca3dda9f-ffc3-4389-a9e6-a02825a806bf,bronze,136,,,
bc3890ed-3c05-4cb5-bf39-7ac7bda9c3db,bronze,137,Boomer Squad #4045,,
cd8afd81-6ff5-443e-ae79-7efb2b76b319,bronze,138,Sketchz by Troopz,,
f05b470f-d434-4b07-9854-f43679e601aa,bronze,139,Sketchz by Troopz,,
7d406619-9e98-4e00-9482-077e5c8f6752,bronze,140,,,
0306436e-09c9-44aa-a460-bcb0d46464eb,bronze,141,Sketchz by Troopz,,
6be68352-5f8a-4f96-afe1-a8311626ed64,bronze,142,Sketchz by Troopz,,
1902adee-14aa-425f-81e6-d6bf98ebaf06,bronze,143,Sketchz by Troopz,,
46f9cbe4-5a8d-4104-a347-bdf179dffd08,bronze,144,Skillz by Troopz,,
2628143f-345f-4d81-a591-4922c29f188f,bronze,145,OG Trooprz,,
366f271d-588f-4822-8806-4161c6050454,bronze,146,Skillz by Troopz,,
f8326437-1ce4-4afd-84a1-5dd4086d10b5,bronze,147,Sketchz by Troopz,,
433d5e0f-ba0b-4fa0-8c91-b23750d4fbda,bronze,148,Skillz by Troopz,,
ad840ff4-975c-4fcd-b415-210d0b6e4f14,bronze,149,Sketchz by Troopz,,
3d1807eb-03dc-4cc3-951d-90d2f28b3f9d,bronze,150,Skillz by Troopz,,
2861df68-2a57-4bb8-9582-c6e01b06d5e3,bronze,151,Skillz by Troopz,,
9d0c64f5-9207-47a9-b33f-441eafa24fd3,bronze,152,Sketchz by Troopz,,
e9215700-e941-4fef-a832-08a783d876e5,bronze,153,Skillz by Troopz,,
399bdafa-fd28-46e8-8803-45dac1c10f6e,bronze,154,OG Trooprz,,
dfc60c13-ea1c-482a-8bb1-f6060ef55db0,bronze,155,Skillz by Troopz,,
7afc502e-f9ad-4685-bae0-f71f62fdc17a,bronze,156,Bag of $TRPZ,,
15909d5c-fb6e-4369-855e-ece82be7449b,bronze,157,Skillz by Troopz,,
e237f846-eecd-43c3-9a88-4aa48c17a789,bronze,158,,,
016db248-04d8-4bb8-a83b-886523498ea7,bronze,159,OG Trooprz,,
3c6e5740-21b5-43c3-b916-0691d1b87c91,bronze,160,Bag of CRO,,
89050ae7-c5e9-4259-9cb4-4807f0db0e6b,bronze,161,Bag of CRO,,
ba1cc1e2-9e0a-40ca-b39a-b77ca0e59094,bronze,162,Sketchz by Troopz,,
da34424a-4b7b-40c7-b002-4dddc4169128,bronze,163,Skillz by Troopz,,
fd6ace80-b7ff-4b8a-b70d-13319346c6e9,bronze,164,Bag of CRO,,
722001d7-890a-4c2d-ae11-67509bd64460,bronze,165,Sketchz by Troopz,,
9d5ea85e-e535-4628-a0de-200ead4ec27f,bronze,166,Mutantz 15 (Golden),,
9a9ff569-9136-4041-ad4c-06dc978818c1,bronze,167,,,
713136a1-46b2-4102-88e6-5e4709bb855b,bronze,168,,,
a02ad6fa-0c95-4320-9f1e-5b482b11e48c,bronze,169,Sketchz by Troopz,,
f383a025-f9ed-4e5a-bb07-cb5b84355972,bronze,170,Bag of $TRPZ,,
8ac8b977-ed28-4497-be42-96d94df1a312,bronze,171,Bag of $TRPZ,,
24faefbe-a8e8-4ee9-9fb5-671a16828421,bronze,172,Trooprz Blk Label Hoodie,,
6d05a883-2071-4255-b2ed-cd029d042fe6,bronze,173,Skillz by Troopz,,
e7ab590a-e920-4b9f-8d08-dd539bb30c3d,bronze,174,Sketchz by Troopz,,
557c258d-05e1-48d0-ab2a-ffed82b34058,bronze,175,Sketchz by Troopz,,
27659c16-a395-4f1f-96dc-0db6c1b95935,bronze,176,Sketchz by Troopz,,
5ca60df8-168e-4a63-8da6-e2010f9ba0cd,bronze,177,Bag of CRO,,
ac1a4d85-76b0-4e14-8c3f-3d39953442e7,bronze,178,Bag of $TRPZ,,
a46194f7-6642-4b1b-9998-41afb8b7a90e,bronze,179,OG Trooprz,,
a6e19920-7b98-40d0-ac95-6a8b6b3ff22e,bronze,180,Sketchz by Troopz,,
f079ff20-7327-4039-9c6e-e34f0f91dc1f,bronze,181,Bag of CRO,,
9ecafb11-004a-4016-8653-2e3a852c54ec,bronze,182,Skillz by Troopz,,
16c78d60-4744-4af7-be86-3889cf3501cc,bronze,183,Bag of $TRPZ,,
b4311ef3-ac86-4919-aa0f-6b91f108b9a6,bronze,184,OG Trooprz,,
23ab0eac-a8af-4d55-98b1-15fd2c024e86,bronze,185,Skillz by Troopz,,
ee29a9bc-994e-4d2f-b134-bcca57c12dde,bronze,186,Skillz by Troopz,,
c5b31097-cec0-4f62-8f10-ce9ce54b87f7,bronze,187,Sexy Sea Cow #232,,
1bb7fc40-9b6f-416e-a117-709806cc03ca,bronze,188,Skillz by Troopz,,
6ff595a0-d811-432d-8394-e9fef99125a6,bronze,189,Bag of CRO,,
f0860cd2-b1e9-4293-992f-3061827f4f6f,bronze,190,Nugget of Alluvial Gold,,
5b62d86b-da24-4907-aabe-d0be91c9afba,bronze,191,Skillz by Troopz,,
a9845a0a-677e-44f4-99f3-7521b74c9d42,bronze,192,Sketchz by Troopz,,
4a534568-53d5-4007-94cb-2ff7035404d6,bronze,193,OG Trooprz,,
5b011857-8023-4402-b225-1547b75a625c,bronze,194,Skillz by Troopz,,
5fd2ce2b-4d03-4893-9e7e-45dc1db04540,bronze,195,Sketchz by Troopz,,
feb26f26-dd3c-4065-bd46-efe3042b172d,bronze,196,Sketchz by Troopz,,
cb7e937c-a39e-4836-9c11-9aa6655627cb,bronze,197,Sketchz by Troopz,,
f01b04f3-8fa6-413d-a083-bd30b52644fa,bronze,198,Sketchz by Troopz,,
1ae0ad2c-350d-4570-aa4f-3931bf1d8701,bronze,199,Bag of $TRPZ,,
4f643778-9194-4516-8a97-052124a01328,bronze,200,Mutantz 1717,,
ffaf4d23-8943-428c-aa1e-48aaaf38e42f,silver,1,Skillz by Troopz,,
5e5eb18e-b456-48d8-9b64-c6cda09c7ea8,silver,2,Skillz by Troopz,,
23757e16-3a9f-44fd-be63-11cd5833bf3a,silver,3,,,
ea6a6053-8e77-4390-9182-5691240bab7a,silver,4,Looneycorn #1418,,
e15899d8-cd4b-432a-90a4-f80787bd88a9,silver,5,OG Trooprz,,
20d0d1d5-d33c-466c-8c18-87a53b1374ac,silver,6,OG Trooprz,,
bf283153-3b31-4c78-a7ee-f54b0fe48c09,silver,7,Bag of $TRPZ,,
d0e345c7-55d6-49dd-a03e-f63785e9ba97,silver,8,Skillz by Troopz,,
f91a315a-ad08-4ad5-8c8c-898e31f0de87,silver,9,Sketchz by Troopz,,
3278a04d-923f-4178-8eb0-47e59af52ec0,silver,10,Skillz by Troopz,,
54e0b3b7-2ab6-4d3b-a5c3-21cc66e5bdf9,silver,11,Looneycorn #600,,
7043fafe-d64e-4cd8-819b-5f6fe1d167ef,silver,12,Bag of CRO,,
29ee5d71-0189-4066-bc42-2049998f208f,silver,13,Skillz by Troopz,,
d1a1e3dd-07b6-4e1f-956a-fef52d5dc27a,silver,14,Boomer Squad #4045,,
5b854997-9e27-434a-a604-6060dad750c1,silver,15,Sketchz by Troopz,,
e6e9633b-88b5-44c7-b200-02906d829037,silver,16,Skillz by Troopz,,
7f644333-9c34-4cb1-97ee-81a60357e0de,silver,17,Troopr #8,,
97fe54cf-cfe8-47e6-a483-e7e9a0294a7a,silver,18,OG Trooprz,,
4a85593d-69c4-4002-a34a-c6cfeb2c11f2,silver,19,OG Trooprz,,
32273ebe-f3ec-4695-ba2c-859450ecc2ea,silver,20,Skillz by Troopz,,
315419c4-c490-4e57-902c-41e955d56c2c,silver,21,Trooprz Blk Label Hoodie,,
de9cd0ea-5694-4aeb-8225-66307b90c3bf,silver,22,Skillz by Troopz,,
b5951ffe-6b74-4088-86dd-20658d2a87cc,silver,23,Bag of CRO,,
01a8576f-6869-466f-a98f-9962f998c653,silver,24,Custom Pixel Troopr ,,
3c3b9b0e-129e-4b55-bb5d-f7460690e963,silver,25,OG Trooprz,,
513b730e-4fe3-40fa-8c5c-29d44c67d26c,silver,26,,,
b36f5b2c-cd97-409d-8430-63ceccb50676,silver,27,OG Trooprz,,
6f1013c8-fcbf-4173-a777-e516b07ff765,silver,28,Bag of CRO,,
23481f85-8f02-4bb9-ab91-6a1503de5f98,silver,29,Skillz by Troopz,,
0303b694-6d75-432f-925c-f811ebab41c3,silver,30,Skillz by Troopz,,
f8cca86e-4871-4c55-94a2-62f0d7e80181,silver,31,Skillz by Troopz,,
27e92b81-1c1a-40a0-9874-00b88c527f35,silver,32,Bag of $TRPZ,,
693552a7-233c-4dbf-97d1-c1d162a5024a,silver,33,Mad Meerkat Degen #4368,,
71317fe3-7ba7-4aba-b7d9-fd3406a61231,silver,34,Sketchz by Troopz,,
c9c9b1be-56d2-4c21-bd6a-c60e16c06e3b,silver,35,,,
035d3743-fc3e-4978-bc3c-57bf31edd47f,silver,36,Trooprz Blk Label Hoodie,,
6113c33f-a16a-454c-a011-4a22a6b55a29,silver,37,Sketchz by Troopz,,
612b3c6c-81cb-423d-bdfd-4d5b2eda57b7,silver,38,Skillz by Troopz,,
9294f2a2-77db-4072-8bde-c583ccebef25,silver,39,Skillz by Troopz,,
0b8d0494-4dce-4667-9881-ca5f44b3ed5b,silver,40,OG Trooprz,,
9321fcc1-2710-4bd8-b090-989997026137,silver,41,Skillz by Troopz,,
b9c554b3-a4b6-4336-b420-f23ec7c6e05f,silver,42,Bag of CRO,,
cb7d5229-bc85-4ed7-b8ca-a5fd3305f82c,silver,43,Sketchz by Troopz,,
8ace350b-c4c1-4148-bee7-8ad908bf5713,silver,44,OG Trooprz,,
003ef43d-b615-4c65-84c2-a8d899c9781f,silver,45,Bag of $TRPZ,,
fab72d23-8120-4227-bc4d-043c42ce6222,silver,46,Sketchz by Troopz,,
e899637c-6ea6-49b7-9845-2ce6161d7e12,silver,47,Sketchz by Troopz,,
22c5fa47-90bf-44a8-8dd4-74d186261250,silver,48,Sketchz by Troopz,,
915b2a9b-dc6e-4154-a3c4-d6b11e5cf849,silver,49,Skillz by Troopz,,
dc28c3c8-b94c-4dad-b8d0-6a8389f8da65,silver,50,Bag of CRO,,
03fd41da-7f6a-41bf-bba5-0ace71416b7a,silver,51,Mutantz 1717,,
756cc809-b5c1-4352-9b2b-e8bcab58a7ac,silver,52,Looneycorn #936,,
2b548dc2-abfb-46ec-a2bf-1a0f5f1367d6,silver,53,Sketchz by Troopz,,
9b774e26-bd13-42af-b0db-67abd465df8f,silver,54,Skillz by Troopz,,
e652f450-b143-4020-bdd9-85ad473eb33c,silver,55,Skillz by Troopz,,
294db996-b440-42cb-9d01-6ca3ae61ee6a,silver,56,Sexy Sea Cow #230,,
0451d541-eece-43de-a37d-7854e30595a7,silver,57,Sexy Sea Cow #232,,
fd52971b-27ab-4531-8b6a-546f9e540510,silver,58,Sketchz by Troopz,,
407d3850-e6dd-418f-ba03-4daaff2b563a,silver,59,Bag of CRO,,
2cd01612-245e-43e8-85cf-63bf5474d476,silver,60,Bag of $TRPZ,,
0c27ecf8-766d-4ad4-a985-014f3051d3d8,silver,61,Bag of $TRPZ,,
ee0761ee-bcb0-4d21-a9ae-b403f34b9dd4,silver,62,OG Trooprz,,
0b83379a-9e06-4f40-a50c-71efedf5b4dc,silver,63,Skillz by Troopz,,
acb4da24-d373-469d-9ec8-5531edb3165e,silver,64,Looneycorn #1247,,
15fc9a95-a28f-4959-8771-742cd84b251e,silver,65,OG Trooprz,,
8d085a92-0dcc-4c07-be82-2f245a8bf534,silver,66,Sketchz by Troopz,,
d775a864-258c-4b32-a98b-2138b3ce0071,silver,67,Bag of CRO,,
5c1225c4-8af1-404f-8f65-2f3ff917e8d3,silver,68,OG Trooprz,,
52f73ca2-e018-4562-b383-2c2e2b18b7f1,silver,69,Bag of $TRPZ,,
6ac7dd00-fb22-4feb-a827-5fc48831ae72,silver,70,Skillz by Troopz,,
47137bbc-825d-49b8-b6de-0fd59797c087,silver,71,Bag of CRO,,
d43473c1-1fd9-49d9-a1d8-effa3b54928e,silver,72,OG Trooprz,,
3db7e1df-0463-4ffd-af5e-93f45818cb19,silver,73,Trooprz Blk Label Hoodie,,
bb3ece1a-6eca-40b1-9078-91a5c5aea94c,silver,74,Sketchz by Troopz,,
2fa18590-4d30-415b-80fb-fad102823b6c,silver,75,Sketchz by Troopz,,
b9d59189-f308-44b2-8cad-1f6933cb541e,silver,76,,,
6982863e-2489-4c7a-b75d-452280f93d58,silver,77,Skillz by Troopz,,
f5a1ea3a-5707-4168-a12f-3ef57b5f67ce,silver,78,,,
f9dd0c1f-17e5-438d-9246-0d8feec09140,silver,79,Skillz by Troopz,,
22a15f8e-68dd-4f75-9610-73c9bc75910c,silver,80,Bag of $TRPZ,,
4da98dd1-99a4-4274-97dc-013b881cd2d0,silver,81,Skillz by Troopz,,
d45cdf83-b687-479a-a8c8-ec19ec2beb22,silver,82,Sketchz by Troopz,,
664a9d86-7d87-4bec-bee5-a9868b7e91c9,silver,83,,,
62152a8a-b933-416f-be3f-e1e1fb073f53,silver,84,Sketchz by Troopz,,
105b2eef-c997-44d3-967b-f48563ed6de7,silver,85,Skillz by Troopz,,
081bb040-1dc5-4dca-8dc9-64e9a7c0ab8b,silver,86,,,
7031cf0f-6cd0-4c7e-9cc9-283e70a255bf,silver,87,Bag of CRO,,
b9b2504d-7eb7-46d2-8109-3bb53a7d5ac7,silver,88,Sketchz by Troopz,,
0480221a-9085-4287-9028-d46e8cd352d8,silver,89,,,
7270edab-72a4-422d-b7ba-68ce0824b152,silver,90,Sketchz by Troopz,,
38feadc4-9141-4fd4-8c10-1f4fdb817898,silver,91,Sketchz by Troopz,,
a6f3b1ed-1af8-442d-95a2-07df0f39b7bc,silver,92,Sketchz by Troopz,,
cf01826d-04af-4040-92bb-f97281af6dc0,silver,93,Skillz by Troopz,,
45d2810f-a9e5-45b1-a576-647eedc9f3e9,silver,94,Bag of $TRPZ,,
ba4c6400-a437-4bd2-9b7b-f43a11277020,silver,95,Boomer Squad #2966,,
81ea5c02-79d1-41ae-8503-65bd75e257fb,silver,96,Mutantz 1659,,
9743eeca-f1f6-4722-8a38-133752699186,silver,97,Skillz by Troopz,,
8ca18c8d-0c95-4f17-bc5d-bdf25c5fd4de,silver,98,Skillz by Troopz,,
a308e53a-626f-4d25-952f-ecc166849821,silver,99,Sketchz by Troopz,,
cc4dff4b-e9cd-46e1-b209-1ef0f323c9d4,silver,100,Chimp #6375,,
58da32df-4805-4c88-8c50-28f78a92a198,silver,101,Green Bananna ,,
848bc848-02ba-4b30-b9a6-cfcc80983eef,silver,102,Boomer Squad #4046,,
b3e59e55-8746-4c81-ae8a-2d62126a6beb,silver,103,Sketchz by Troopz,,
0a3861eb-d0d2-4f84-946e-4190f05365b4,silver,104,OG Trooprz,,
559513ed-b18c-4b68-aba8-6018e21780a5,silver,105,Bag of $TRPZ,,
91871bb4-9489-4c50-9944-ef6fd26e3e7f,silver,106,Sketchz by Troopz,,
58868a96-c58d-43e4-82a7-d7bd107aaa8d,silver,107,Sketchz by Troopz,,
3e9e52b3-81c5-44c4-a903-979bd7c52108,silver,108,Sketchz by Troopz,,
2eb9ba80-70ab-4b2e-a19a-5ed30827c303,silver,109,Sketchz by Troopz,,
9bb9a6cc-dfe9-4831-8900-375c76c92388,silver,110,Sexy Sea Cow #314,,
dbaf659a-086d-4506-b9c5-af6c2d9ede55,silver,111,Skillz by Troopz,,
baacfbaf-2aff-4432-83a1-373144f8d736,silver,112,Sketchz by Troopz,,
6b44eb77-2aa3-4f8b-87c8-1f5551db9c89,silver,113,Bag of CRO,,
346167b3-856c-4327-a189-ed230e24d30d,silver,114,Bag of $TRPZ,,
e3c0617b-5289-40be-9253-b399c8f5ca3b,silver,115,Skillz by Troopz,,
dffd4721-eb9b-4c03-80ca-2ea4f9ab9509,silver,116,Sketchz by Troopz,,
fa5b31f5-3359-423b-9666-289b1b5956a6,silver,117,OG Trooprz,,
ae8d5f88-fd3c-463c-8f74-d57a93fa616a,silver,118,Skillz by Troopz,,
52a902c1-05d3-4c91-b908-4f83f420e16c,silver,119,OG Trooprz,,
b6e3d78c-adbc-434f-ad1d-132878c7ff37,silver,120,OG Trooprz,,
6f3cb144-5f9e-4b3b-8194-6729e54985e6,silver,121,Skillz by Troopz,,
d5e4e8d6-6cf0-4c23-8cf1-08810a2b86f2,silver,122,OG Trooprz,,
51497f5e-2f7c-470f-b19e-295d0b1bf65e,silver,123,,,
ca8e1318-9851-41aa-a32b-bd6f6aa84fdf,silver,124,Bag of $TRPZ,,
13114873-19fa-4c19-96a5-0abe18dc3b64,silver,125,Bag of CRO,,
41a95c32-33c6-4ba3-b027-7064587707de,silver,126,Sketchz by Troopz,,
893ee794-64d9-41ca-8219-d35385d2d773,silver,127,Skillz by Troopz,,
62b544cc-0cca-4170-9176-ebe409ae3a14,silver,128,,,
adf50bdb-fd6c-4e56-aa2b-aafcfa6bb971,silver,129,OG Trooprz,,
8f07230f-c258-4258-96ad-c341d4b86df9,silver,130,Skillz by Troopz,,
18da6b8c-cb28-4849-ac9c-4c782c2bdcf3,silver,131,,,
5c615836-974e-42ee-9abd-c9dee3106b62,silver,132,Sketchz by Troopz,,
213e63cf-6d13-431d-8cd9-b41ee43a63e8,silver,133,Skillz by Troopz,,
9954f131-dc48-4e90-94b4-1c2ef67e2bd9,silver,134,Skillz by Troopz,,
4e3495b3-3d5e-485a-933a-462400659b52,silver,135,Sketchz by Troopz,,
00d21b25-9a09-4788-bfd1-1bc8980e4c2f,silver,136,Sketchz by Troopz,,
631fb91f-1386-40ea-83b7-df04c79e9b6e,silver,137,Sketchz by Troopz,,
1728ef4c-b6e8-409f-a1bc-6b8a3d200237,silver,138,Sketchz by Troopz,,
ca872d12-d6d8-469d-a87e-9334be46b0b0,silver,139,Trooprz Blk Label Hoodie,,
28a60966-6879-4fba-8db9-6cfcc2fe328a,silver,140,Skillz by Troopz,,
6416a027-3721-44e1-993b-4d93a79f957e,silver,141,Skillz by Troopz,,
bf2e195c-54f6-4e57-b783-e8e25a0497fe,silver,142,Skillz by Troopz,,
2cf9548b-99fe-43a4-9eda-02eb31c3e58e,silver,143,Sketchz by Troopz,,
f059ca29-f2b9-4b0d-b697-6defd0336516,silver,144,,,
646e4d91-e994-43bd-9265-c3f7b6c81614,silver,145,Skillz by Troopz,,
004d211e-b05e-43a3-8ae8-6d824b2a9784,silver,146,OG Trooprz,,
9e05172d-35e7-4bb2-8df9-07e1fa2a2fe7,silver,147,Bag of CRO,,
a25ef47a-8f34-4bdc-8e6e-02b8ede431de,silver,148,Nugget of Alluvial Gold,,
8cc66ea0-3d03-4b5c-8bc2-1631aa522c34,silver,149,Sketchz by Troopz,,
9bb66f1e-8973-43e6-a10d-ff58f3b59d85,silver,150,Sketchz by Troopz,,
86bb6ac0-7fb0-4b10-b249-10f6e64bbb58,silver,151,Sketchz by Troopz,,
3a119c2c-6125-41d4-83fa-46d99e7f8569,silver,152,OG Trooprz,,
a7e2d20d-f632-46aa-a608-12dd7c8b6a53,silver,153,Skillz by Troopz,,
edd70072-db59-4dd6-9d99-88124b2749ec,silver,154,Sketchz by Troopz,,
2506cada-41a1-4f41-8606-9cb7339fbf5d,silver,155,,,
65ac94a7-fa02-4776-a75a-8200e7be9586,silver,156,Sketchz by Troopz,,
b9bc4438-916e-4760-b0a9-7828144116e3,silver,157,OG Trooprz,,
b23e4457-42fa-4715-9112-868908264dc0,silver,158,Mutantz 1491,,
f9f239ad-441b-4f25-b48a-fd8b42183630,silver,159,Bag of $TRPZ,,
5be13ac7-459d-4789-be3b-da22c9b536da,silver,160,OG Trooprz,,
e6c05e35-c301-445a-8444-81702cf09450,silver,161,OG Trooprz,,
4e1382c9-529d-4387-a7d6-af06ab1d6ec2,silver,162,Bag of $TRPZ,,
c65b8e20-20dd-4a1f-a280-433534022e9a,silver,163,Sketchz by Troopz,,
dfe09e68-b9ee-428c-a918-0416172642a5,silver,164,Mutantz 15 (Golden),,
f31df632-e6e4-444e-ae14-f1e6bcabe0ed,silver,165,Bag of CRO,,
11a768c3-6018-4568-b43a-f8e3c7dd5818,silver,166,Sketchz by Troopz,,
517b4f93-27c8-4526-beba-3259a35d53bb,silver,167,OG Trooprz,,
492f5dea-dd28-47e9-bc3f-6de3408528c7,silver,168,,,
518c14a9-692a-4157-9071-cd92e43069a6,silver,169,Sketchz by Troopz,,
dedf81ed-367c-470a-975c-d5f5ca781b76,silver,170,Skillz by Troopz,,
bd82d6cd-2c15-4c39-a1a1-8b12bb817c2d,silver,171,Apple iPAD + Pencil ,,
02ac8b2c-987f-4dfb-9bc6-143ceab5e370,silver,172,Bag of CRO,,
4e7af3b9-060c-432e-89eb-e008de5762b7,silver,173,Boomer Squad #767,,
333e086b-0bfe-4eb0-ae2a-a4e4ff816227,silver,174,Sketchz by Troopz,,
4e243035-7625-4c36-a01e-9d0ba359fa4e,silver,175,Sketchz by Troopz,,
25fca35a-0976-4340-8f73-7260b47b1647,silver,176,Mutantz 1719,,
7987fe86-46c6-4fa7-a0d5-6a0824addc4a,silver,177,Bag of $TRPZ,,
758c27cd-907e-4df6-8480-38162e754167,silver,178,Skillz by Troopz,,
cfb82e55-ec77-4414-9e98-2f6ae8d5fed4,silver,179,Skillz by Troopz,,
8d9d1e9f-d222-4824-a030-6b5f15e7e1d1,silver,180,Custom Pixel Troopr ,,
8810abb1-4027-49c5-9f39-502fb2c1c68f,silver,181,Marble #6562,,
1c610b6e-9ae9-4599-a4fe-a41fa18b2be1,silver,182,Sketchz by Troopz,,
00ce99a4-a090-4284-a56b-0e117b4c9466,silver,183,Skillz by Troopz,,
f189ee35-cb37-420c-939c-3a586e564801,silver,184,Sketchz by Troopz,,
dfbbb2a8-eab4-45a2-aff7-68702b11a328,silver,185,Skillz by Troopz,,
067d064c-95fd-4883-a490-f1e0fe2936d8,silver,186,OG Trooprz,,
c84eaa6c-4aa8-446c-b713-9204655b1891,silver,187,Sketchz by Troopz,,
ca6ebd12-190b-40d5-92d2-f80f22044b21,silver,188,Sketchz by Troopz,,
7f0d82d1-cc89-477a-a135-2d2d48265d14,silver,189,Skillz by Troopz,,
3eb811d4-f6e3-4ba0-afe8-394d359421c0,silver,190,Bag of $TRPZ,,
4cdc4166-6dbd-4e39-af1d-afc4122e2dd3,silver,191,,,
472054b8-958d-4c5a-b454-153d029d1bca,silver,192,Sketchz by Troopz,,
e81337a9-d606-45c8-a9a3-94be6abcf807,silver,193,Skillz by Troopz,,
5849d51c-c0f4-424a-a46b-cbb233cbc670,silver,194,,,
efd4da8b-f9a5-4a38-bd3c-154bc8c39abb,silver,195,Skillz by Troopz,,
f2473c0a-7c2a-4356-9091-ab8467a702b2,silver,196,Sketchz by Troopz,,
caa40ca5-c278-4784-9e78-da53dbfcd3d4,silver,197,Skillz by Troopz,,
4b0f88d4-931c-41e2-ac9c-c9d2c140f77f,silver,198,Skillz by Troopz,,
cc346d42-ad08-4c53-8a38-035ff9b68c44,silver,199,Skillz by Troopz,,
837b73c8-1f90-4661-b7ad-23a48c584ef7,silver,200,Bag of CRO,,
5f533759-417a-4137-8fa5-723e4aa2cb3a,gold,1,Mutantz 1717,,
5bc82088-f737-4c21-a29f-a12c47ea250b,gold,2,Sketchz by Troopz,,
1badb131-96a3-45e3-a93d-0e93cd44e0ec,gold,3,Sketchz by Troopz,,
537ab50c-6411-4cb2-8963-ef39a383f4da,gold,4,Skillz by Troopz,,
428738ae-85a0-4312-8c3f-0134a999c6e2,gold,5,Skillz by Troopz,,
6e7b1d33-d98b-4e24-9a55-e5c66c752e60,gold,6,Sexy Sea Cow #232,,
ddb52bb2-26b5-4f78-a33e-e49c8261dfd9,gold,7,Sketchz by Troopz,,
6a54b6d3-4e88-4034-8306-b6b3a0b84f85,gold,8,Sketchz by Troopz,,
b8023be2-6926-49f8-9cdb-5db181f0ca27,gold,9,OG Trooprz,,
18ded657-af78-44f9-8a5c-fad34aab3f17,gold,10,Sketchz by Troopz,,
ab75336b-9d2a-402b-a172-b9d3e35296f2,gold,11,Looneycorn #600,,
0364ba41-ca67-486b-b446-7d2eb0858f24,gold,12,,,
d1362f3b-f0de-48ef-bbc9-eff1f6bb9780,gold,13,Skillz by Troopz,,
7c0352cb-75d5-448b-8fbb-c31072dd552a,gold,14,Skillz by Troopz,,
98cb18d4-d6e9-41b2-b38d-efdc7b08350d,gold,15,Green Bananna ,,
95f2e811-5446-43ac-9c5c-191284a1f115,gold,16,Sketchz by Troopz,,
8d70bcb4-820c-40b0-bff6-c0c400dab095,gold,17,Apple iPAD + Pencil ,,
23528f65-327b-4858-a631-1765aecfe13f,gold,18,Looneycorn #1247,,
0bce05c4-ce9f-432f-bf86-dcb5145e5637,gold,19,Troopr #8,,
24ab919f-4746-4b0e-8ec3-946fcb10fd9f,gold,20,Bag of CRO,,
85b9e588-5720-40cd-ade4-d224533f8527,gold,21,Skillz by Troopz,,
bf871af3-91ed-4f03-bb74-95daaf24b228,gold,22,Skillz by Troopz,,
e9f6ad16-65af-472b-ae3b-fe6927cb1a12,gold,23,Skillz by Troopz,,
529c83e7-c25b-4028-8d4a-920748d06a95,gold,24,OG Trooprz,,
195a87a9-e912-4c6b-85cc-8fd14ff35a28,gold,25,Skillz by Troopz,,
78059b84-1304-4ad9-ae39-ce195283c2ba,gold,26,Sexy Sea Cow #314,,
1e63784b-3198-426b-8c19-bd89f6f12feb,gold,27,OG Trooprz,,
be45a0ad-7fde-4c3c-b669-65909aee3c83,gold,28,Sketchz by Troopz,,
e90ba2ab-08e9-4e50-9e85-de318b69c79a,gold,29,Sketchz by Troopz,,
9107b890-e295-4ee2-b0f0-747fe23a1c4a,gold,30,Skillz by Troopz,,
06c3636e-a788-4e46-bf5f-6d466041c486,gold,31,Boomer Squad #2966,,
457a04ee-c912-44ea-95e8-f4d8bbfaa521,gold,32,OG Trooprz,,
7a61651c-4f73-483b-8063-8390a7ff5cfa,gold,33,Bag of $TRPZ,,
339bd320-3992-4a6b-a79d-5abac6d745e3,gold,34,,,
9737b052-5bd5-4b72-b122-c4a7f47995e0,gold,35,Marble #6562,,
64a7efac-463e-4c5c-991f-7d2cf65cb813,gold,36,OG Trooprz,,
3355fcec-c76f-4a78-83da-7e9e1c021a29,gold,37,Skillz by Troopz,,
a118645c-3174-4ba6-afb6-ff2fcf6aa7ef,gold,38,Sketchz by Troopz,,
05b40df7-5952-40fd-bf96-8ab614a524d6,gold,39,Chimp #6375,,
8910fb5e-f026-452d-aeaf-0e8c57f3b25f,gold,40,Bag of CRO,,
5b110bbe-91d3-4992-8cc0-e7f90fcf2680,gold,41,Skillz by Troopz,,
e096791f-b7d6-4431-ae8c-d8427f901b80,gold,42,Boomer Squad #4045,,
6868bada-e659-4a6a-8f77-f653ac47bd01,gold,43,Skillz by Troopz,,
14c613c4-c20b-4d19-a184-7d36b284c2f7,gold,44,OG Trooprz,,
a6199574-9b8b-4718-bf58-4693aeff06f7,gold,45,Skillz by Troopz,,
8739c273-d2ce-4804-ace8-abaf8b66c26c,gold,46,OG Trooprz,,
bce2f274-f5c6-4fce-8207-bb33e721e95e,gold,47,,,
d402d67d-13e2-4859-b76d-51bd154a53f0,gold,48,OG Trooprz,,
612dd0c9-8ff4-4bd1-991b-5833e55e6ecd,gold,49,Skillz by Troopz,,
5dd1c744-59e1-43dd-b516-c920a6888937,gold,50,OG Trooprz,,
bc4fba46-f9af-4cec-9aa3-dbae90240e5a,gold,51,Sketchz by Troopz,,
aff860a5-8ca6-4904-9d36-05b8436b725a,gold,52,OG Trooprz,,
2bfdc7ac-3ac3-48f0-b7a6-e6d7a5c7b9a5,gold,53,Skillz by Troopz,,
b0507e29-e6fa-4b87-81ab-da3cfef81171,gold,54,Skillz by Troopz,,
cece7a51-a8be-48d1-ae35-580566357df6,gold,55,Bag of CRO,,
242335cc-4409-42a0-9a0c-13e9693a07d5,gold,56,Sketchz by Troopz,,
7e666b74-c6ca-4e35-bc15-4529a29d6fe8,gold,57,Skillz by Troopz,,
5571ad79-2e10-4fd5-a23e-5c2dba8992b8,gold,58,Skillz by Troopz,,
3e906bbf-6878-48e7-892f-4cb0f77e3eaf,gold,59,Skillz by Troopz,,
8b921767-3e48-449d-832c-50cf268d2d6f,gold,60,Sketchz by Troopz,,
b89435bb-d43a-4d26-95f9-5ac1db7265bc,gold,61,Skillz by Troopz,,
e7db0271-988c-4dff-8cbf-5c21503cdc78,gold,62,Bag of CRO,,
0457effb-2081-42f7-9a18-4f3dd0445826,gold,63,Boomer Squad #767,,
c6ef1d7d-1e82-4992-b924-cc94dfb44ba1,gold,64,Skillz by Troopz,,
91bf4bdd-2299-4306-aecc-7608dd90b67c,gold,65,Skillz by Troopz,,
f57b6bdc-5a9e-4968-b168-946a33d3de6e,gold,66,Skillz by Troopz,,
fbc8b365-ed65-42af-9dd9-8fd38fb19eba,gold,67,Sketchz by Troopz,,
764a4242-c959-438e-ac58-bdfba3c5d6b8,gold,68,Bag of CRO,,
35cca645-582b-47ea-9128-f2149fba6931,gold,69,Bag of $TRPZ,,
32593a8e-ae11-4428-81bb-ae971a9bda56,gold,70,Bag of CRO,,
5e4e36dd-95c7-40d9-8298-b268b70add2d,gold,71,,,
e1272f2c-8e46-41f0-bff2-589ef2278c06,gold,72,Bag of CRO,,
ba2d2126-7f0c-4d8a-9fe0-02e1fe2a8302,gold,73,Looneycorn #936,,
8a633a1a-7145-4c2a-b8d4-55340a748fdc,gold,74,,,
548a01b7-81be-40ee-b4ac-b42f0b91e80b,gold,75,OG Trooprz,,
d681690f-daa1-40d8-bf09-9d56e4c31c35,gold,76,Sketchz by Troopz,,
f77343f5-c967-4ffb-9c9e-a4892475f8c8,gold,77,Sketchz by Troopz,,
06c3a49b-343e-4d5f-a65a-3c977101ada5,gold,78,Sketchz by Troopz,,
cdf30286-54f2-4f7a-a8f9-7bd95c04bc50,gold,79,Skillz by Troopz,,
2e976f2d-5e56-4e02-8f48-3b2b7e8878a6,gold,80,Sketchz by Troopz,,
9eb8a84e-b1a8-461e-a39a-5722ec5b21f9,gold,81,Bag of $TRPZ,,
30dc1f8e-dd1a-4a21-be8f-a472ab4b1181,gold,82,Bag of $TRPZ,,
46c27d34-b670-4459-9398-d0ac87749dc6,gold,83,Sketchz by Troopz,,
9aac8e49-f716-45f7-a812-1d3447163869,gold,84,Sketchz by Troopz,,
d33abc29-0956-4e11-a0df-e6860d50ed3c,gold,85,Bag of CRO,,
20f22251-74af-4168-85d4-dfeee18f9060,gold,86,Nugget of Alluvial Gold,,
976862c6-18c0-423f-a557-49342b0326e0,gold,87,Bag of CRO,,
7c6027db-9b95-450e-85a5-17acb4d26e31,gold,88,Sketchz by Troopz,,
dc6f3831-6db9-41a6-aa90-9420f69bc14b,gold,89,Bag of $TRPZ,,
308ca9c4-c9db-4979-9cde-b3d77535b9c2,gold,90,,,
18bc2888-a8c6-493d-8d44-be83c58ab9b2,gold,91,Bag of $TRPZ,,
b4ac5aa2-941e-48a1-b736-c7a8ebed8bf7,gold,92,OG Trooprz,,
ec09c2d6-3877-4f92-82a8-171ecffcbffc,gold,93,Trooprz Blk Label Hoodie,,
3f717b0c-4082-4119-9ee5-da813e5db088,gold,94,Mad Meerkat Degen #4368,,
8d6735f1-5f4e-44c3-9288-a0d963e5ca30,gold,95,Sketchz by Troopz,,
bd8a5732-46f0-4cbb-a4c3-edcaac613cec,gold,96,Sketchz by Troopz,,
41e1c70d-118d-4950-b8e6-36abba709f44,gold,97,Bag of CRO,,
bbd61398-fd90-44db-aec9-76ce56a0f3e9,gold,98,Sketchz by Troopz,,
ba5b45da-1ac9-4f26-be34-1cbbbdaab3ae,gold,99,,,
3cbeb4aa-9548-4512-b98b-e63b23a87b8f,gold,100,Skillz by Troopz,,
5cccb292-de2c-4caf-94bb-37708547a126,gold,101,Sketchz by Troopz,,
87b22328-6a4d-4bd5-9452-41d6eee12f37,gold,102,OG Trooprz,,
c9d21822-5f57-4cf1-8694-9ea964a92469,gold,103,OG Trooprz,,
6517f64b-d8b6-468f-872c-3624ad6796b3,gold,104,Sketchz by Troopz,,
b49fcd29-3f2c-48d5-8efc-23f9a17f0ba2,gold,105,Skillz by Troopz,,
18a0efdb-8f40-46cb-94b4-c2b308abd7f7,gold,106,Sexy Sea Cow #230,,
9760996d-cff7-405a-9fbe-e5ba31eec1b1,gold,107,Bag of $TRPZ,,
425171e0-520f-4542-8fad-20fe456351e6,gold,108,Skillz by Troopz,,
a048a137-d507-4d86-8114-cbf55f949957,gold,109,Bag of $TRPZ,,
202135bc-9eae-4274-8fef-96e19d17ac08,gold,110,Bag of CRO,,
2180b050-23bd-47da-885d-8b4827b217dc,gold,111,Skillz by Troopz,,
ce940717-2f3b-4539-a257-013732332139,gold,112,OG Trooprz,,
30c094b5-2bdc-4b58-988f-dffd62540d42,gold,113,Sketchz by Troopz,,
b72b5568-7374-4577-bc5e-7fc8ddae6823,gold,114,Skillz by Troopz,,
34a6cd1f-87ed-4809-8915-83b3357a2135,gold,115,,,
c2822332-f200-4f85-a392-a9d6085e4a1d,gold,116,Sketchz by Troopz,,
45d971b8-a77d-48b0-af0b-53a25391ea9f,gold,117,,,
4757dc75-23e5-41f1-816c-3e048472f30c,gold,118,,,
07cd9338-a3be-44d4-bb2d-057ded447dbe,gold,119,,,
f92a5c1e-1ae9-437b-b255-6105e580debd,gold,120,Skillz by Troopz,,
a9ffdac4-a510-46b5-8e4e-d3941bdf677a,gold,121,Looneycorn #1418,,
b540b44a-1e1e-4794-9766-eadd0ad71969,gold,122,Skillz by Troopz,,
1779b172-403e-4463-9e05-37a6d98aedf6,gold,123,Sketchz by Troopz,,
e866c014-fec8-495f-9b96-8ec4bd64ecbf,gold,124,,,
75f2a349-5b6f-4bdb-a54d-611af91725d1,gold,125,Sketchz by Troopz,,
058dda07-d508-4a52-8763-00580458b46e,gold,126,Trooprz Blk Label Hoodie,,
f80c5d81-aa8b-48a6-bc64-cf2d0fad7278,gold,127,Bag of $TRPZ,,
bef77c11-489d-46a8-9422-d55e7dd36f15,gold,128,,,
3e8d855e-d2e8-4df1-8e50-d5cd24c95338,gold,129,Sketchz by Troopz,,
62280fa3-89a9-44b7-9b33-1af8e5b83d23,gold,130,Bag of $TRPZ,,
ae13bf74-70f4-4585-99c8-8be6e3fe4b11,gold,131,OG Trooprz,,
b6437de4-73c4-4459-8a71-ef00825bdc35,gold,132,,,
27ff2343-10d1-41ab-b13a-b2b51625d939,gold,133,Skillz by Troopz,,
c9351e6a-c5c4-4754-a644-a668f8dfa069,gold,134,Skillz by Troopz,,
f76c56ad-fcd3-4f1d-95d7-cb7a2339174d,gold,135,Trooprz Blk Label Hoodie,,
2e4f04ef-3716-42b0-bd5c-5bb25d55a7b4,gold,136,,,
1b8456be-c29e-444b-ae8d-eccf92d31de5,gold,137,Sketchz by Troopz,,
05304b4c-693f-4d52-bd32-bb89de4b4b70,gold,138,Skillz by Troopz,,
308324ae-4611-43e6-af41-6fc9b7615eda,gold,139,Sketchz by Troopz,,
ddaea825-4e88-492b-99fe-295437708efb,gold,140,Bag of $TRPZ,,
99071b7f-48d2-41a7-8118-1eeeeb78bd2f,gold,141,Bag of CRO,,
8354d60f-8476-42ba-b8c9-84357a511543,gold,142,Sketchz by Troopz,,
421aa155-ac72-4a46-bff2-0f54128a2ec5,gold,143,OG Trooprz,,
8f8cf073-5ac8-4058-87f3-18e72e89054c,gold,144,Sketchz by Troopz,,
ea0ec319-56f8-4291-9328-f33929177474,gold,145,OG Trooprz,,
feea50e1-4f4d-4fe0-876b-7e51e500d054,gold,146,OG Trooprz,,
e6790967-d87c-4bb3-bce8-5b839d10271e,gold,147,Sketchz by Troopz,,
3abdafc5-cff1-4fdc-b62d-33f2f8302841,gold,148,Skillz by Troopz,,
da261746-112b-4655-97de-54a8a0ad0ec7,gold,149,OG Trooprz,,
e4cc998a-21a6-4507-912e-7aad33a23936,gold,150,OG Trooprz,,
5a435d7d-5a94-4189-abe1-961afdc4b482,gold,151,Bag of $TRPZ,,
7daa78d7-2a87-49a3-8326-0bcde04ea082,gold,152,Sketchz by Troopz,,
11569cb3-6ae8-4e18-8921-f6afea26350c,gold,153,Bag of CRO,,
ebed79dc-5545-41fe-acd1-6e039ba67f8f,gold,154,OG Trooprz,,
5552fca0-c172-48d1-b836-29b0744a07b8,gold,155,Skillz by Troopz,,
a167b22f-cb1b-47d7-b8e5-ff713009a890,gold,156,Custom Pixel Troopr ,,
171e93de-7a46-4ba0-b92e-0641f77c66e1,gold,157,Sketchz by Troopz,,
b082b874-636d-454c-919e-85f1644f1712,gold,158,Sketchz by Troopz,,
cfde047c-5565-4436-9540-b659ce9657f5,gold,159,Skillz by Troopz,,
c37fb214-e591-471c-8cab-f3fa70e0dd0b,gold,160,Trooprz Blk Label Hoodie,,
3f78107e-490f-4f4c-be36-57397820bcfb,gold,161,Sketchz by Troopz,,
28c6985e-f36a-411a-ae82-22c24b14062e,gold,162,Skillz by Troopz,,
673a85c3-7b88-4d2f-b516-a4f6a5b0c151,gold,163,Skillz by Troopz,,
15d12509-974d-4ae7-a3d5-8eb4ad4ea6be,gold,164,Sketchz by Troopz,,
3b3aee6c-e82e-492c-bf33-b3563012cfe4,gold,165,Bag of CRO,,
6aebf3f4-5560-4ea7-9733-19b4734f91b6,gold,166,OG Trooprz,,
7523ab6c-1f15-45a4-afbb-a68230736052,gold,167,Sketchz by Troopz,,
e2afbf7c-6f06-48d8-a4f2-af04303d8733,gold,168,Skillz by Troopz,,
8038b648-1799-43bc-bf75-750f59ec863a,gold,169,Skillz by Troopz,,
18d4e90b-88f5-4f6d-9afa-a4d93a4e286c,gold,170,Mutantz 1491,,
a370878c-dca9-4e8f-ac93-c02ac693e6b5,gold,171,Boomer Squad #4046,,
65aa96fd-3b71-48e6-9cf8-9b484e9365fa,gold,172,Mutantz 1659,,
1ae4c4bb-1b8c-4e62-b87d-cf64dba50d5e,gold,173,Skillz by Troopz,,
52460826-e815-4db7-8e79-127085fd91f1,gold,174,Sketchz by Troopz,,
710943a5-3c77-4751-8ac6-3a3e53d90fd8,gold,175,Skillz by Troopz,,
782c7983-cdfd-46af-b5c1-8a9f1570c0c1,gold,176,Skillz by Troopz,,
011def66-2643-402b-b71d-45ada2a1542e,gold,177,Sketchz by Troopz,,
81efeaa6-ac84-46d0-9528-1639e75789b4,gold,178,OG Trooprz,,
ccfc6a2d-8c5b-4d9d-b02b-0c8707ed9d5f,gold,179,Bag of $TRPZ,,
5b298454-555c-4410-a0c5-7b312eebc1d0,gold,180,Sketchz by Troopz,,
5f7b1855-5415-496c-8099-9936ed791b10,gold,181,Sketchz by Troopz,,
2f4a5b28-db5c-46b0-9939-eb3eeab2f776,gold,182,Skillz by Troopz,,
470a5ae8-7267-4c2a-bc70-299c713c17e5,gold,183,Skillz by Troopz,,
86944eed-e553-458c-a4b2-d217b50efec8,gold,184,Bag of $TRPZ,,
95a0c3ac-dfe7-4bd2-84ac-016cfde649ed,gold,185,OG Trooprz,,
294ba2fe-065e-49ec-a812-02e91b0417b1,gold,186,Bag of CRO,,
243a7365-3251-46f4-bdf7-029b3cbed151,gold,187,Sketchz by Troopz,,
52d7fc12-3024-4970-83ce-b792d69bb4bc,gold,188,Sketchz by Troopz,,
b8bd863c-11d9-44d4-bd00-ffd5f3c8b44a,gold,189,Sketchz by Troopz,,
a365b207-5f3a-47d1-9e49-0343a5a46fe6,gold,190,Mutantz 1719,,
f58cb932-1357-4b4c-8241-8b550d93e7e5,gold,191,Skillz by Troopz,,
c76f12b5-3f05-437d-822f-13d01bc4eb57,gold,192,Sketchz by Troopz,,
83b0ac3c-3fd8-4017-8483-4f172dc448c9,gold,193,Custom Pixel Troopr ,,
58109e7b-3b02-4ce0-b7d5-be2f05338ec0,gold,194,Mutantz 15 (Golden),,
91b28a73-3116-40fd-b6ba-ddd48e5f41eb,gold,195,Sketchz by Troopz,,
5a68abf6-95d0-49e0-b787-1757d197f913,gold,196,Bag of $TRPZ,,
2dfb11d0-5a49-48a4-9c3c-85f2dbc44766,gold,197,,,
c368df1f-053e-4341-bd19-241ca27f5fb2,gold,198,Skillz by Troopz,,
2b0e6090-a446-4a57-877e-61452de87e69,gold,199,Skillz by Troopz,,
42b8268e-0ae2-424b-b3a5-0c121940875c,gold,200,Skillz by Troopz,,
